{
  "model_type": "LR",
  "accuracy": 0.7191854233654876,
  "brier": 0.1891553420568797,
  "baseline_m1": 0.7324,
  "beats_m1": false,
  "optimal_threshold": 0.2,
  "optimal_kelly": 0.3333333333333333,
  "optimal_kelly_label": "1/3",
  "roi_at_optimal": 56.341827113720534,
  "n_features": 23,
  "train_size": 2659,
  "test_size": 933,
  "created": "2026-04-28T15:22:44.269612"
}