{
  "tier_win_rates": {
    "0": 0.1787709497206704,
    "1": 0.3822341857335128,
    "2": 0.4943820224719101,
    "3": 0.6366083445491252,
    "4": 0.827027027027027
  },
  "m1_train_acc": 0.6404663407295976,
  "m1_wc_acc": {
    "0.0": 0.5844155844155844,
    "1.0": 0.6428571428571429,
    "2.0": 0.6063829787234043,
    "3.0": 0.5789473684210527,
    "4.0": 0.6417910447761194,
    "5.0": 0.7052980132450332,
    "6.0": 0.617816091954023,
    "7.0": 0.6958904109589041,
    "8.0": 0.6225895316804407,
    "9.0": 0.6169491525423729,
    "10.0": 0.6268656716417911,
    "11.0": 0.6237623762376238
  },
  "feature_names": [
    "model1_prob",
    "f1_ml_novig",
    "f2_ml_novig",
    "ml_gap",
    "vig",
    "f1_dec_implied",
    "f2_dec_implied",
    "dec_implied_dif",
    "f1_ko_implied",
    "f2_ko_implied",
    "ko_implied_dif",
    "f1_sub_implied",
    "f2_sub_implied",
    "sub_implied_dif",
    "finish_prob",
    "f1_finish_prob",
    "f2_finish_prob",
    "finish_advantage",
    "abs_gap",
    "vegas_confidence",
    "model_confidence",
    "model_agrees_vegas",
    "gap_x_confidence",
    "f1_is_fav",
    "f1_hist_fav_wr",
    "f1_hist_dog_wr",
    "f1_fav_bouts_log",
    "f1_dog_bouts_log",
    "odds_strength",
    "tier_hist_win_rate",
    "ko_style_edge",
    "sub_style_edge",
    "finish_x_model_conf",
    "dec_x_str_def",
    "combined_ko_implied",
    "combined_sub_implied",
    "ko_method_gap",
    "sub_method_gap",
    "wc_norm",
    "is_5r",
    "m1_wc_bias",
    "five_r_x_conf"
  ],
  "blend_lr": 0.5,
  "blend_xgb": 0.5,
  "test_acc": 0.732,
  "n_features": 42
}