{
  "Women's Strawweight": {
    "SLpM": 3.616564885496183,
    "SApM": 4.297633587786259,
    "Str_Acc": 43.786259541984734,
    "Str_Def": 52.52671755725191,
    "TD_Avg": 1.6554368932038837,
    "TD_Acc": 42.1747572815534,
    "TD_Def": 61.80869565217391,
    "Sub_Avg": 0.6855263157894737
  },
  "Flyweight": {
    "SLpM": 3.313853820598007,
    "SApM": 3.7826999999999997,
    "Str_Acc": 43.04318936877076,
    "Str_Def": 53.65217391304348,
    "TD_Avg": 1.9393913043478264,
    "TD_Acc": 42.28260869565217,
    "TD_Def": 61.611111111111114,
    "Sub_Avg": 0.969364161849711
  },
  "Bantamweight": {
    "SLpM": 3.200921052631579,
    "SApM": 3.88578021978022,
    "Str_Acc": 42.30921052631579,
    "Str_Def": 53.14254385964912,
    "TD_Avg": 1.9558083832335327,
    "TD_Acc": 40.11077844311377,
    "TD_Def": 60.994884910485936,
    "Sub_Avg": 1.0170542635658915
  },
  "Featherweight": {
    "SLpM": 3.2811574074074077,
    "SApM": 3.829230769230769,
    "Str_Acc": 43.648148148148145,
    "Str_Def": 53.35266821345708,
    "TD_Avg": 2.288448844884489,
    "TD_Acc": 42.82508250825082,
    "TD_Def": 62.74857142857143,
    "Sub_Avg": 1.2051948051948052
  },
  "Lightweight": {
    "SLpM": 3.077924187725632,
    "SApM": 3.7918874773139755,
    "Str_Acc": 42.47653429602888,
    "Str_Def": 53.13138686131387,
    "TD_Avg": 2.1019211822660098,
    "TD_Acc": 43.00738916256157,
    "TD_Def": 60.83588621444201,
    "Sub_Avg": 1.2547297297297297
  },
  "Welterweight": {
    "SLpM": 3.0134011090573014,
    "SApM": 3.691275415896488,
    "Str_Acc": 44.28280961182995,
    "Str_Def": 51.141527001862194,
    "TD_Avg": 1.9874452554744526,
    "TD_Acc": 45.523114355231144,
    "TD_Def": 61.601351351351354,
    "Sub_Avg": 1.275257731958763
  },
  "Middleweight": {
    "SLpM": 2.9185874439461883,
    "SApM": 3.5732352941176466,
    "Str_Acc": 45.60986547085202,
    "Str_Def": 49.763636363636365,
    "TD_Avg": 2.2596273291925466,
    "TD_Acc": 46.81055900621118,
    "TD_Def": 61.232091690544415,
    "Sub_Avg": 1.3801687763713082
  },
  "Light Heavyweight": {
    "SLpM": 2.9029192546583853,
    "SApM": 3.916448598130841,
    "Str_Acc": 45.67391304347826,
    "Str_Def": 48.741433021806856,
    "TD_Avg": 2.2214215686274508,
    "TD_Acc": 42.26960784313726,
    "TD_Def": 63.40869565217391,
    "Sub_Avg": 1.3940397350993377
  },
  "Heavyweight": {
    "SLpM": 3.3015714285714286,
    "SApM": 4.53536231884058,
    "Str_Acc": 46.22857142857143,
    "Str_Def": 46.25714285714286,
    "TD_Avg": 2.292894736842106,
    "TD_Acc": 44.44736842105263,
    "TD_Def": 63.15217391304348,
    "Sub_Avg": 1.4480000000000002
  }
}